Asia,Thailand,Fruits,Offline,C,6/30/2015,894006717,7/28/2015,5309,9.33,6.92,49532.97,36738.28,12794.69
Europe,Belgium,Personal Care,Offline,L,6/8/2010,822781407,7/5/2010,8157,81.73,56.67,666671.61,462257.19,204414.42
Middle East and North Africa,Kuwait,Cereal,Offline,H,11/7/2012,124854743,12/19/2012,6148,205.70,117.11,1264643.60,719992.28,544651.32
Europe,Italy,Snacks,Offline,C,12/17/2010,751838052,1/6/2011,4442,152.58,97.44,677760.36,432828.48,244931.88
Sub-Saharan Africa,Mali,Vegetables,Online,C,12/22/2012,225655162,12/22/2012,5232,154.06,90.93,806041.92,475745.76,330296.16
Europe,Bulgaria,Personal Care,Offline,M,1/10/2013,188542401,2/14/2013,2741,81.73,56.67,224021.93,155332.47,68689.46
Asia,Tajikistan,Clothes,Offline,H,2/5/2010,553048598,2/17/2010,8225,109.28,35.84,898828.00,294784.00,604044.00
Europe,Iceland,Household,Online,C,10/23/2011,852035081,11/28/2011,4969,668.27,502.54,3320633.63,2497121.26,823512.37
Central America and the Caribbean,Costa Rica,Office Supplies,Offline,M,6/28/2015,688675677,8/14/2015,3292,651.21,524.96,2143783.32,1728168.32,415615.00
Asia,Thailand,Clothes,Online,H,12/15/2011,186456716,2/3/2012,5540,109.28,35.84,605411.20,198553.60,406857.60
Sub-Saharan Africa,Niger,Meat,Offline,M,1/8/2012,439177024,2/13/2012,1096,421.89,364.69,462391.44,399700.24,62691.20
Europe,Iceland,Fruits,Offline,H,6/3/2012,360947930,6/16/2012,1368,9.33,6.92,12763.44,9466.56,3296.88
Sub-Saharan Africa,Namibia,Clothes,Online,M,10/1/2014,736193263,10/26/2014,4801,109.28,35.84,524653.28,172067.84,352585.44
Middle East and North Africa,Azerbaijan,Vegetables,Online,C,1/28/2014,169649350,2/26/2014,1868,154.06,90.93,287784.08,169857.24,117926.84
Sub-Saharan Africa,Djibouti,Personal Care,Online,M,5/2/2010,936365020,5/22/2010,72,81.73,56.67,5884.56,4080.24,1804.32
Sub-Saharan Africa,Liberia,Snacks,Offline,L,2/3/2012,431701600,2/12/2012,8952,152.58,97.44,1365896.16,872282.88,493613.28
Australia and Oceania,Samoa ,Office Supplies,Online,H,1/17/2010,621332919,3/1/2010,5073,651.21,524.96,3303588.33,2663122.08,640466.25
Sub-Saharan Africa,Mauritania,Meat,Online,L,2/11/2011,391245305,3/14/2011,7035,421.89,364.69,2967996.15,2565594.15,402402.00
Middle East and North Africa,Qatar,Fruits,Offline,C,11/27/2011,497737586,12/20/2011,467,9.33,6.92,4357.11,3231.64,1125.47
Asia,Indonesia,Household,Online,C,2/8/2010,417421090,3/12/2010,3031,668.27,502.54,2025526.37,1523198.74,502327.63
Europe,Malta,Snacks,Online,M,10/27/2015,597219645,11/3/2015,9419,152.58,97.44,1437151.02,917787.36,519363.66
Europe,Spain,Meat,Online,M,7/1/2017,204369580,7/14/2017,6355,421.89,364.69,2681110.95,2317604.95,363506.00
Sub-Saharan Africa,Djibouti,Household,Offline,H,1/8/2016,276419723,1/10/2016,7593,668.27,502.54,5074174.11,3815786.22,1258387.89
Europe,Switzerland,Beverages,Offline,L,4/29/2013,571231400,6/8/2013,8920,47.45,31.79,423254.00,283566.80,139687.20
Central America and the Caribbean,Cuba,Cereal,Online,H,3/17/2016,916978442,4/14/2016,3153,205.70,117.11,648572.10,369247.83,279324.27
Central America and the Caribbean,Haiti,Meat,Offline,C,5/18/2017,762147176,6/22/2017,5141,421.89,364.69,2168936.49,1874871.29,294065.20
Central America and the Caribbean,Saint Lucia,Baby Food,Offline,H,5/26/2014,525536429,6/11/2014,6763,255.28,159.42,1726458.64,1078157.46,648301.18
Central America and the Caribbean,Honduras,Snacks,Online,C,6/22/2013,246257531,7/31/2013,1931,152.58,97.44,294631.98,188156.64,106475.34
Sub-Saharan Africa,Sao Tome and Principe,Office Supplies,Offline,C,7/4/2010,933734309,7/15/2010,1587,651.21,524.96,1033470.27,833111.52,200358.75
Central America and the Caribbean,Belize,Snacks,Offline,C,1/16/2010,517703092,1/18/2010,8704,152.58,97.44,1328056.32,848117.76,479938.56
Europe,Iceland,Personal Care,Offline,L,11/27/2013,598212707,12/18/2013,3288,81.73,56.67,268728.24,186330.96,82397.28
Sub-Saharan Africa,Guinea,Personal Care,Offline,L,5/30/2017,595624482,7/8/2017,7375,81.73,56.67,602758.75,417941.25,184817.50
Central America and the Caribbean,Saint Lucia,Baby Food,Offline,H,2/23/2013,900612246,3/10/2013,32,255.28,159.42,8168.96,5101.44,3067.52
Sub-Saharan Africa,Guinea-Bissau,Household,Online,L,7/2/2017,624162328,7/26/2017,2358,668.27,502.54,1575780.66,1184989.32,390791.34
Europe,Denmark,Personal Care,Online,H,10/29/2013,747573554,11/24/2013,2482,81.73,56.67,202853.86,140654.94,62198.92
Europe,Iceland,Meat,Offline,H,11/6/2016,972457253,12/23/2016,566,421.89,364.69,238789.74,206414.54,32375.20
Europe,Germany,Cosmetics,Online,H,11/8/2015,170737254,12/26/2015,3803,437.20,263.33,1662671.60,1001443.99,661227.61
Central America and the Caribbean,Nicaragua,Fruits,Online,L,4/27/2016,434649884,5/4/2016,1414,9.33,6.92,13192.62,9784.88,3407.74
Sub-Saharan Africa,Zambia,Fruits,Offline,H,6/15/2013,326743972,7/23/2013,9657,9.33,6.92,90099.81,66826.44,23273.37
Sub-Saharan Africa,Niger,Clothes,Offline,H,2/1/2011,729880845,2/20/2011,6816,109.28,35.84,744852.48,244285.44,500567.04
Europe,Lithuania,Cereal,Online,H,5/2/2010,797234332,5/19/2010,8210,205.70,117.11,1688797.00,961473.10,727323.90
North America,Mexico,Household,Offline,C,5/14/2013,202290761,5/23/2013,1186,668.27,502.54,792568.22,596012.44,196555.78
Europe,Vatican City,Clothes,Online,C,1/29/2012,488848960,2/14/2012,125,109.28,35.84,13660.00,4480.00,9180.00
Central America and the Caribbean,Antigua and Barbuda ,Meat,Offline,C,7/22/2014,121020257,8/7/2014,1438,421.89,364.69,606677.82,524424.22,82253.60
Middle East and North Africa,Kuwait,Baby Food,Offline,C,1/11/2011,333228480,2/10/2011,8567,255.28,159.42,2186983.76,1365751.14,821232.62
Australia and Oceania,Australia,Fruits,Online,H,7/4/2015,180209958,8/13/2015,6986,9.33,6.92,65179.38,48343.12,16836.26
Central America and the Caribbean,Dominica,Vegetables,Online,L,7/23/2016,587013518,8/9/2016,9200,154.06,90.93,1417352.00,836556.00,580796.00
Australia and Oceania,Marshall Islands,Baby Food,Online,M,5/26/2011,299000489,7/10/2011,9744,255.28,159.42,2487448.32,1553388.48,934059.84
Asia,Thailand,Cereal,Offline,M,3/24/2017,831844699,5/9/2017,187,205.70,117.11,38465.90,21899.57,16566.33
Middle East and North Africa,Egypt,Fruits,Offline,C,6/14/2014,621532475,6/19/2014,4126,9.33,6.92,38495.58,28551.92,9943.66
Europe,Slovenia,Cosmetics,Online,M,1/17/2011,874362647,3/7/2011,2192,437.20,263.33,958342.40,577219.36,381123.04
Europe,Lithuania,Office Supplies,Offline,L,1/20/2016,616946542,2/1/2016,7046,651.21,524.96,4588425.66,3698868.16,889557.50
Central America and the Caribbean,Haiti,Meat,Online,L,1/27/2013,746207988,2/17/2013,8381,421.89,364.69,3535860.09,3056466.89,479393.20
Sub-Saharan Africa,Central African Republic,Clothes,Online,L,1/24/2017,879383313,2/7/2017,7919,109.28,35.84,865388.32,283816.96,581571.36
Central America and the Caribbean,Trinidad and Tobago,Personal Care,Offline,L,7/17/2017,704021346,8/5/2017,4416,81.73,56.67,360919.68,250254.72,110664.96
Europe,Georgia,Cereal,Online,L,8/30/2012,427983415,9/25/2012,8658,205.70,117.11,1780950.60,1013938.38,767012.22
Asia,North Korea,Personal Care,Offline,C,1/2/2013,329443347,1/16/2013,8462,81.73,56.67,691599.26,479541.54,212057.72
Sub-Saharan Africa,Zambia,Cereal,Online,C,1/25/2015,306887471,2/18/2015,3677,205.70,117.11,756358.90,430613.47,325745.43
Europe,San Marino,Household,Online,H,8/16/2012,329114615,9/22/2012,1183,668.27,502.54,790563.41,594504.82,196058.59
Middle East and North Africa,Iraq,Cosmetics,Online,M,9/1/2015,885236108,10/17/2015,9891,437.20,263.33,4324345.20,2604597.03,1719748.17
Sub-Saharan Africa,Senegal,Personal Care,Online,H,4/23/2016,734675776,5/26/2016,5743,81.73,56.67,469375.39,325455.81,143919.58
Middle East and North Africa,Morocco,Meat,Offline,M,4/27/2015,957169950,6/9/2015,6713,421.89,364.69,2832147.57,2448163.97,383983.60
Europe,Greece,Clothes,Offline,M,9/22/2010,902767455,9/30/2010,7806,109.28,35.84,853039.68,279767.04,573272.64
Europe,Bosnia and Herzegovina,Beverages,Online,H,10/10/2016,441829621,11/6/2016,6058,47.45,31.79,287452.10,192583.82,94868.28
Europe,Moldova ,Personal Care,Offline,M,9/16/2014,415030276,10/20/2014,5536,81.73,56.67,452457.28,313725.12,138732.16
Asia,Brunei,Cereal,Online,H,2/9/2017,383355748,3/8/2017,2340,205.70,117.11,481338.00,274037.40,207300.60
Sub-Saharan Africa,Cote d'Ivoire,Baby Food,Offline,L,2/18/2011,878104865,4/2/2011,9598,255.28,159.42,2450177.44,1530113.16,920064.28
Asia,Turkmenistan,Office Supplies,Online,L,4/15/2015,250888955,5/15/2015,2472,651.21,524.96,1609791.12,1297701.12,312090.00
Middle East and North Africa,Iraq,Snacks,Offline,M,1/22/2015,523631846,2/18/2015,3154,152.58,97.44,481237.32,307325.76,173911.56
Sub-Saharan Africa,Republic of the Congo,Cosmetics,Online,H,2/28/2012,638569867,4/4/2012,5869,437.20,263.33,2565926.80,1545483.77,1020443.03
Australia and Oceania,Palau,Personal Care,Online,C,2/21/2013,508251845,4/9/2013,1870,81.73,56.67,152835.10,105972.90,46862.20
Asia,Kyrgyzstan,Cereal,Offline,C,6/26/2010,565539109,7/6/2010,4445,205.70,117.11,914336.50,520553.95,393782.55
Europe,Switzerland,Personal Care,Online,L,8/27/2016,413605487,9/15/2016,3910,81.73,56.67,319564.30,221579.70,97984.60
Sub-Saharan Africa,Democratic Republic of the Congo,Beverages,Offline,C,11/25/2014,175937306,12/23/2014,2614,47.45,31.79,124034.30,83099.06,40935.24
Europe,Slovenia,Snacks,Offline,M,1/15/2016,946333396,2/12/2016,9936,152.58,97.44,1516034.88,968163.84,547871.04
Europe,Spain,Baby Food,Online,M,10/21/2016,738905084,11/17/2016,7289,255.28,159.42,1860735.92,1162012.38,698723.54
Sub-Saharan Africa,Namibia,Cereal,Online,C,3/19/2011,338076198,4/6/2011,3115,205.70,117.11,640755.50,364797.65,275957.85
Europe,Netherlands,Meat,Offline,C,1/20/2017,148583066,1/28/2017,7886,421.89,364.69,3327024.54,2875945.34,451079.20
Sub-Saharan Africa,Comoros,Snacks,Online,C,7/18/2011,645474517,9/2/2011,9108,152.58,97.44,1389698.64,887483.52,502215.12
Sub-Saharan Africa,Seychelles ,Office Supplies,Online,L,10/28/2010,124111878,12/4/2010,6318,651.21,524.96,4114344.78,3316697.28,797647.50
North America,United States of America,Meat,Online,M,3/1/2013,550168979,4/1/2013,6082,421.89,364.69,2565934.98,2218044.58,347890.40
Europe,Belarus,Fruits,Offline,M,5/2/2010,809632146,6/9/2010,6999,9.33,6.92,65300.67,48433.08,16867.59
Asia,China,Baby Food,Offline,M,2/3/2014,758800208,2/9/2014,4699,255.28,159.42,1199560.72,749114.58,450446.14
North America,United States of America,Meat,Online,C,7/19/2014,774284493,9/7/2014,6843,421.89,364.69,2886993.27,2495573.67,391419.60
Asia,Kyrgyzstan,Cereal,Online,C,3/27/2014,403008830,4/12/2014,8123,205.70,117.11,1670901.10,951284.53,719616.57
Sub-Saharan Africa,Benin,Vegetables,Offline,M,9/30/2016,612209546,10/22/2016,5264,154.06,90.93,810971.84,478655.52,332316.32
Sub-Saharan Africa,Nigeria,Vegetables,Offline,H,5/26/2015,639435470,6/13/2015,2020,154.06,90.93,311201.20,183678.60,127522.60
Australia and Oceania,New Zealand,Personal Care,Offline,H,2/13/2012,242547929,3/5/2012,4177,81.73,56.67,341386.21,236710.59,104675.62
Sub-Saharan Africa,Lesotho,Baby Food,Online,M,9/15/2013,149720752,10/17/2013,4552,255.28,159.42,1162034.56,725679.84,436354.72
Australia and Oceania,Samoa ,Baby Food,Offline,C,11/14/2012,709440267,12/4/2012,7995,255.28,159.42,2040963.60,1274562.90,766400.70
Central America and the Caribbean,Belize,Cosmetics,Online,C,10/2/2014,540505301,11/11/2014,6385,437.20,263.33,2791522.00,1681362.05,1110159.95
Europe,Switzerland,Snacks,Online,M,5/27/2010,582027184,6/5/2010,3633,152.58,97.44,554323.14,353999.52,200323.62
Asia,Thailand,Meat,Online,M,11/15/2010,943429744,12/21/2010,681,421.89,364.69,287307.09,248353.89,38953.20
Central America and the Caribbean,Jamaica,Vegetables,Online,H,2/20/2013,454449307,4/1/2013,504,154.06,90.93,77646.24,45828.72,31817.52
Central America and the Caribbean,Honduras,Household,Offline,C,6/13/2011,715134704,7/11/2011,3106,668.27,502.54,2075646.62,1560889.24,514757.38
Central America and the Caribbean,Guatemala,Meat,Online,C,4/5/2016,245847260,4/28/2016,522,421.89,364.69,220226.58,190368.18,29858.40
Europe,Serbia,Beverages,Online,M,8/6/2012,337260806,9/11/2012,1822,47.45,31.79,86453.90,57921.38,28532.52
Asia,Cambodia,Clothes,Online,C,11/2/2016,100361669,12/10/2016,8103,109.28,35.84,885495.84,290411.52,595084.32
Europe,Italy,Cosmetics,Offline,H,5/6/2012,516448676,6/16/2012,7495,437.20,263.33,3276814.00,1973658.35,1303155.65
Central America and the Caribbean,Saint Vincent and the Grenadines,Household,Online,M,11/2/2013,387133157,11/22/2013,159,668.27,502.54,106254.93,79903.86,26351.07
Middle East and North Africa,United Arab Emirates,Fruits,Online,L,8/7/2010,384338939,9/15/2010,3288,9.33,6.92,30677.04,22752.96,7924.08
Central America and the Caribbean,Barbados,Vegetables,Offline,H,9/9/2015,800302350,10/1/2015,6105,154.06,90.93,940536.30,555127.65,385408.65
Europe,Armenia,Clothes,Online,L,9/25/2016,197572219,11/1/2016,4865,109.28,35.84,531647.20,174361.60,357285.60
Asia,North Korea,Clothes,Offline,H,7/27/2017,359009873,8/4/2017,7854,109.28,35.84,858285.12,281487.36,576797.76
Sub-Saharan Africa,South Sudan,Snacks,Offline,H,9/26/2011,437789142,9/29/2011,391,152.58,97.44,59658.78,38099.04,21559.74
Sub-Saharan Africa,Benin,Office Supplies,Online,H,7/21/2016,107396352,7/23/2016,9822,651.21,524.96,6396184.62,5156157.12,1240027.50
Sub-Saharan Africa,Democratic Republic of the Congo,Household,Offline,L,5/2/2016,911630332,5/24/2016,529,668.27,502.54,353514.83,265843.66,87671.17
Middle East and North Africa,Morocco,Clothes,Offline,C,8/8/2011,414602410,9/21/2011,8921,109.28,35.84,974886.88,319728.64,655158.24
Sub-Saharan Africa,Djibouti,Beverages,Online,H,4/20/2015,750736415,5/27/2015,8443,47.45,31.79,400620.35,268402.97,132217.38
Sub-Saharan Africa,Eritrea,Cereal,Offline,C,2/23/2011,974768674,3/29/2011,4567,205.70,117.11,939431.90,534841.37,404590.53
Asia,Nepal,Cosmetics,Offline,L,6/8/2010,211748015,6/14/2010,9798,437.20,263.33,4283685.60,2580107.34,1703578.26
North America,United States of America,Cereal,Offline,C,5/15/2010,807035768,6/21/2010,8673,205.70,117.11,1784036.10,1015695.03,768341.07
Middle East and North Africa,Qatar,Clothes,Offline,H,1/3/2013,676305758,2/21/2013,2758,109.28,35.84,301394.24,98846.72,202547.52
Middle East and North Africa,Iraq,Personal Care,Offline,M,11/28/2013,955544316,12/25/2013,5652,81.73,56.67,461937.96,320298.84,141639.12
Sub-Saharan Africa,Mauritius ,Meat,Online,H,6/20/2013,151050269,8/5/2013,7986,421.89,364.69,3369213.54,2912414.34,456799.20
Europe,Norway,Beverages,Online,H,2/27/2013,889434945,4/12/2013,2420,47.45,31.79,114829.00,76931.80,37897.20
Sub-Saharan Africa,Kenya,Office Supplies,Offline,C,9/22/2011,467622172,11/5/2011,8647,651.21,524.96,5631012.87,4539329.12,1091683.75
Europe,Liechtenstein,Fruits,Offline,M,7/20/2016,302848279,8/26/2016,8391,9.33,6.92,78288.03,58065.72,20222.31
Europe,Belarus,Snacks,Offline,H,2/26/2017,982662093,4/17/2017,405,152.58,97.44,61794.90,39463.20,22331.70
Europe,Estonia,Office Supplies,Online,C,9/10/2011,914924943,10/2/2011,5477,651.21,524.96,3566677.17,2875205.92,691471.25
Sub-Saharan Africa,Lesotho,Cosmetics,Online,C,9/27/2010,377810657,10/30/2010,1424,437.20,263.33,622572.80,374981.92,247590.88
Sub-Saharan Africa,Malawi,Cosmetics,Online,M,10/18/2010,169805562,11/10/2010,8094,437.20,263.33,3538696.80,2131393.02,1407303.78
Australia and Oceania,Fiji,Office Supplies,Online,M,3/19/2013,259708487,4/13/2013,2368,651.21,524.96,1542065.28,1243105.28,298960.00
Central America and the Caribbean,Guatemala,Snacks,Online,L,10/30/2012,236630761,11/29/2012,3156,152.58,97.44,481542.48,307520.64,174021.84
Central America and the Caribbean,Trinidad and Tobago,Vegetables,Online,H,11/30/2016,659996211,12/21/2016,6400,154.06,90.93,985984.00,581952.00,404032.00
Sub-Saharan Africa,Madagascar,Personal Care,Online,H,1/29/2011,809541165,3/14/2011,75,81.73,56.67,6129.75,4250.25,1879.50
Asia,Uzbekistan,Office Supplies,Offline,H,1/29/2016,935314452,2/28/2016,9186,651.21,524.96,5982015.06,4822282.56,1159732.50
Sub-Saharan Africa,Botswana,Vegetables,Offline,C,11/12/2015,907677400,12/8/2015,768,154.06,90.93,118318.08,69834.24,48483.84
Sub-Saharan Africa,Madagascar,Baby Food,Online,H,5/24/2014,667303836,6/12/2014,8889,255.28,159.42,2269183.92,1417084.38,852099.54
Sub-Saharan Africa,Lesotho,Clothes,Online,C,9/7/2016,675180089,9/12/2016,9647,109.28,35.84,1054224.16,345748.48,708475.68
Europe,Croatia,Cereal,Online,L,6/18/2017,562604987,7/9/2017,6173,205.70,117.11,1269786.10,722920.03,546866.07
Australia and Oceania,Kiribati,Fruits,Offline,M,7/5/2012,481189858,7/23/2012,3627,9.33,6.92,33839.91,25098.84,8741.07
Central America and the Caribbean,Haiti,Meat,Offline,M,1/16/2010,652858531,2/17/2010,4202,421.89,364.69,1772781.78,1532427.38,240354.40
Middle East and North Africa,Iraq,Beverages,Offline,M,10/7/2011,919847333,10/23/2011,2122,47.45,31.79,100688.90,67458.38,33230.52
Sub-Saharan Africa,South Africa,Household,Online,M,8/29/2016,294705092,9/6/2016,8641,668.27,502.54,5774521.07,4342448.14,1432072.93
Sub-Saharan Africa,Mauritania,Household,Offline,M,3/15/2017,110293138,3/27/2017,7045,668.27,502.54,4707962.15,3540394.30,1167567.85
Europe,Switzerland,Beverages,Online,M,9/20/2010,869785296,10/10/2010,7653,47.45,31.79,363134.85,243288.87,119845.98
Europe,Ireland,Cosmetics,Offline,C,10/1/2010,896667897,11/4/2010,2812,437.20,263.33,1229406.40,740483.96,488922.44
Middle East and North Africa,Morocco,Vegetables,Online,L,12/17/2012,384739768,2/4/2013,1902,154.06,90.93,293022.12,172948.86,120073.26
Sub-Saharan Africa,Cape Verde,Beverages,Offline,C,2/2/2014,948112237,2/20/2014,6335,47.45,31.79,300595.75,201389.65,99206.10
Sub-Saharan Africa,Togo,Personal Care,Offline,C,9/20/2015,671209132,10/29/2015,4553,81.73,56.67,372116.69,258018.51,114098.18
Sub-Saharan Africa,Madagascar,Beverages,Online,H,12/6/2012,858766782,12/23/2012,7029,47.45,31.79,333526.05,223451.91,110074.14
Sub-Saharan Africa,Ethiopia,Vegetables,Offline,M,3/24/2013,185834014,5/12/2013,1269,154.06,90.93,195502.14,115390.17,80111.97
Australia and Oceania,Vanuatu,Cosmetics,Offline,L,1/11/2010,547772157,2/23/2010,6809,437.20,263.33,2976894.80,1793013.97,1183880.83
Middle East and North Africa,Iraq,Clothes,Online,C,10/3/2016,310255038,11/20/2016,215,109.28,35.84,23495.20,7705.60,15789.60
Sub-Saharan Africa,Niger,Fruits,Offline,M,1/10/2010,159268987,2/2/2010,87,9.33,6.92,811.71,602.04,209.67
Sub-Saharan Africa,South Sudan,Snacks,Offline,C,10/1/2016,851112830,10/18/2016,2055,152.58,97.44,313551.90,200239.20,113312.70
Asia,Tajikistan,Personal Care,Online,C,11/21/2011,962397897,1/5/2012,3779,81.73,56.67,308857.67,214155.93,94701.74
Sub-Saharan Africa,Ghana,Meat,Offline,L,2/14/2013,940048015,2/17/2013,9952,421.89,364.69,4198649.28,3629394.88,569254.40
Sub-Saharan Africa,Togo,Office Supplies,Online,C,6/22/2016,851299512,7/1/2016,7298,651.21,524.96,4752530.58,3831158.08,921372.50
Asia,Brunei,Cosmetics,Online,H,4/1/2015,833701217,4/13/2015,9572,437.20,263.33,4184878.40,2520594.76,1664283.64
Europe,San Marino,Meat,Offline,C,5/21/2011,645114457,6/20/2011,2559,421.89,364.69,1079616.51,933241.71,146374.80
Asia,South Korea,Cosmetics,Offline,C,9/5/2011,113713061,9/20/2011,9077,437.20,263.33,3968464.40,2390246.41,1578217.99
Europe,Liechtenstein,Personal Care,Offline,H,5/30/2016,487983357,7/3/2016,3974,81.73,56.67,324795.02,225206.58,99588.44
Central America and the Caribbean,The Bahamas,Office Supplies,Online,C,7/31/2015,386724174,9/11/2015,9132,651.21,524.96,5946849.72,4793934.72,1152915.00
Europe,Russia,Cereal,Offline,M,5/18/2015,749046838,5/26/2015,8460,205.70,117.11,1740222.00,990750.60,749471.40
Europe,Poland,Beverages,Offline,C,9/18/2011,784375178,10/27/2011,2901,47.45,31.79,137652.45,92222.79,45429.66
Sub-Saharan Africa,Equatorial Guinea,Cereal,Offline,L,9/16/2016,222445523,9/20/2016,5428,205.70,117.11,1116539.60,635673.08,480866.52
Australia and Oceania,Australia,Beverages,Offline,M,1/13/2017,663306701,1/26/2017,6048,47.45,31.79,286977.60,192265.92,94711.68
Europe,Sweden,Meat,Online,M,8/2/2015,627320039,9/8/2015,6795,421.89,364.69,2866742.55,2478068.55,388674.00
Europe,Ireland,Beverages,Online,L,7/10/2012,505159366,8/13/2012,6737,47.45,31.79,319670.65,214169.23,105501.42
Europe,Czech Republic,Baby Food,Online,H,8/26/2016,307811009,9/25/2016,6973,255.28,159.42,1780067.44,1111635.66,668431.78
Europe,Switzerland,Snacks,Offline,L,5/4/2011,116573798,6/7/2011,5632,152.58,97.44,859330.56,548782.08,310548.48
Australia and Oceania,Tuvalu,Cereal,Online,C,4/20/2011,533059060,5/12/2011,2876,205.70,117.11,591593.20,336808.36,254784.84
Middle East and North Africa,Qatar,Meat,Online,H,5/23/2013,429190623,5/30/2013,5898,421.89,364.69,2488307.22,2150941.62,337365.60
Central America and the Caribbean,Barbados,Household,Online,C,7/14/2015,997204816,7/30/2015,3920,668.27,502.54,2619618.40,1969956.80,649661.60
Sub-Saharan Africa,Democratic Republic of the Congo,Office Supplies,Online,L,12/1/2012,799650466,12/13/2012,3198,651.21,524.96,2082569.58,1678822.08,403747.50
Europe,Denmark,Beverages,Online,H,12/14/2016,719388902,1/7/2017,2017,47.45,31.79,95706.65,64120.43,31586.22
Europe,Luxembourg,Snacks,Online,M,8/11/2013,809593951,8/29/2013,5696,152.58,97.44,869095.68,555018.24,314077.44
Sub-Saharan Africa,Seychelles ,Vegetables,Offline,L,8/21/2012,743751943,9/13/2012,1582,154.06,90.93,243722.92,143851.26,99871.66
Australia and Oceania,Samoa ,Clothes,Online,M,6/29/2013,265661704,7/5/2013,4057,109.28,35.84,443348.96,145402.88,297946.08
Australia and Oceania,Kiribati,Vegetables,Online,H,9/10/2016,539434564,10/30/2016,9530,154.06,90.93,1468191.80,866562.90,601628.90
Europe,Denmark,Cereal,Offline,L,6/21/2012,999494349,7/13/2012,1444,205.70,117.11,297030.80,169106.84,127923.96
Central America and the Caribbean,Jamaica,Cereal,Offline,C,11/1/2014,700577390,11/7/2014,5273,205.70,117.11,1084656.10,617521.03,467135.07
Sub-Saharan Africa,Angola,Fruits,Offline,H,5/9/2012,567732512,6/1/2012,3522,9.33,6.92,32860.26,24372.24,8488.02
Middle East and North Africa,Libya,Office Supplies,Offline,L,5/20/2017,246321046,5/26/2017,726,651.21,524.96,472778.46,381120.96,91657.50
Europe,Latvia,Personal Care,Online,M,11/1/2016,352016818,11/30/2016,8454,81.73,56.67,690945.42,479088.18,211857.24
Middle East and North Africa,Turkey,Cosmetics,Offline,H,11/2/2013,220806157,11/28/2013,304,437.20,263.33,132908.80,80052.32,52856.48
Middle East and North Africa,Lebanon,Baby Food,Offline,L,5/13/2016,158987891,6/3/2016,6905,255.28,159.42,1762708.40,1100795.10,661913.30
Central America and the Caribbean,Antigua and Barbuda ,Personal Care,Online,H,9/27/2010,993173348,9/29/2010,919,81.73,56.67,75109.87,52079.73,23030.14
Asia,Brunei,Office Supplies,Offline,M,11/7/2010,920286357,12/22/2010,2039,651.21,524.96,1327817.19,1070393.44,257423.75
Middle East and North Africa,Bahrain,Snacks,Online,L,7/6/2016,457563245,8/13/2016,1987,152.58,97.44,303176.46,193613.28,109563.18
Australia and Oceania,Vanuatu,Vegetables,Online,C,3/29/2017,192552840,4/5/2017,9519,154.06,90.93,1466497.14,865562.67,600934.47
Europe,Ireland,Beverages,Offline,H,3/12/2011,333116471,4/27/2011,5421,47.45,31.79,257226.45,172333.59,84892.86
Central America and the Caribbean,Dominica,Beverages,Offline,C,7/9/2016,257427966,8/7/2016,7511,47.45,31.79,356396.95,238774.69,117622.26
Sub-Saharan Africa,The Gambia,Vegetables,Online,M,7/29/2014,763973653,7/29/2014,5636,154.06,90.93,868282.16,512481.48,355800.68
Europe,Norway,Vegetables,Online,H,4/11/2014,921552360,5/22/2014,6677,154.06,90.93,1028658.62,607139.61,421519.01
Asia,Philippines,Personal Care,Offline,H,6/21/2010,319275414,8/3/2010,9545,81.73,56.67,780112.85,540915.15,239197.70
Europe,United Kingdom,Fruits,Online,L,6/2/2010,416566646,7/11/2010,182,9.33,6.92,1698.06,1259.44,438.62
Europe,Netherlands,Snacks,Offline,M,11/19/2014,493162381,12/12/2014,6563,152.58,97.44,1001382.54,639498.72,361883.82
Australia and Oceania,Samoa ,Fruits,Online,M,4/30/2014,799111449,5/29/2014,3691,9.33,6.92,34437.03,25541.72,8895.31
Asia,Singapore,Baby Food,Offline,C,6/5/2015,304775178,6/8/2015,8603,255.28,159.42,2196173.84,1371490.26,824683.58
Middle East and North Africa,Qatar,Household,Online,H,7/22/2014,750827395,8/23/2014,5366,668.27,502.54,3585936.82,2696629.64,889307.18
Central America and the Caribbean,Jamaica,Personal Care,Offline,C,9/25/2016,798254430,10/6/2016,80,81.73,56.67,6538.40,4533.60,2004.80
Australia and Oceania,Palau,Office Supplies,Online,L,9/9/2016,978355109,10/8/2016,5873,651.21,524.96,3824556.33,3083090.08,741466.25
Sub-Saharan Africa,Mauritania,Cosmetics,Offline,L,3/17/2010,542740762,4/20/2010,7907,437.20,263.33,3456940.40,2082150.31,1374790.09
Asia,Sri Lanka,Vegetables,Online,C,1/26/2013,613335216,2/10/2013,8375,154.06,90.93,1290252.50,761538.75,528713.75
Sub-Saharan Africa,Comoros,Snacks,Online,C,11/5/2011,132374799,11/29/2011,1499,152.58,97.44,228717.42,146062.56,82654.86
Sub-Saharan Africa,Nigeria,Beverages,Online,C,1/29/2013,812408339,3/19/2013,8536,47.45,31.79,405033.20,271359.44,133673.76
Central America and the Caribbean,Jamaica,Office Supplies,Offline,H,10/27/2016,386297166,12/10/2016,2771,651.21,524.96,1804502.91,1454664.16,349838.75
Central America and the Caribbean,Costa Rica,Meat,Online,M,10/31/2012,257215106,12/19/2012,4521,421.89,364.69,1907364.69,1648763.49,258601.20
Asia,Singapore,Household,Online,H,8/24/2014,548648488,9/11/2014,6135,668.27,502.54,4099836.45,3083082.90,1016753.55
Australia and Oceania,Vanuatu,Baby Food,Offline,H,5/10/2010,554396140,6/26/2010,6993,255.28,159.42,1785173.04,1114824.06,670348.98
Australia and Oceania,Federated States of Micronesia,Baby Food,Online,L,11/5/2011,988569390,12/13/2011,8506,255.28,159.42,2171411.68,1356026.52,815385.16
Asia,India,Vegetables,Online,H,2/16/2013,835592067,3/26/2013,9116,154.06,90.93,1404410.96,828917.88,575493.08
Middle East and North Africa,Libya,Meat,Offline,L,11/9/2016,500200498,11/12/2016,9298,421.89,364.69,3922733.22,3390887.62,531845.60
Sub-Saharan Africa,Rwanda,Baby Food,Offline,M,5/21/2015,457443511,6/20/2015,6555,255.28,159.42,1673360.40,1044998.10,628362.30
Middle East and North Africa,Jordan,Cereal,Offline,H,4/13/2017,802682435,5/10/2017,425,205.70,117.11,87422.50,49771.75,37650.75
Sub-Saharan Africa,South Sudan,Cosmetics,Online,C,4/1/2013,801591098,5/13/2013,7474,437.20,263.33,3267632.80,1968128.42,1299504.38
Europe,Montenegro,Office Supplies,Online,C,3/13/2010,240155827,4/18/2010,6301,651.21,524.96,4103274.21,3307772.96,795501.25
Sub-Saharan Africa,Madagascar,Baby Food,Offline,C,4/23/2012,774675452,4/29/2012,2536,255.28,159.42,647390.08,404289.12,243100.96
Sub-Saharan Africa,The Gambia,Snacks,Online,L,4/12/2017,981761300,4/29/2017,3840,152.58,97.44,585907.20,374169.60,211737.60
Europe,Vatican City,Cosmetics,Online,L,6/25/2012,408337199,7/14/2012,4906,437.20,263.33,2144903.20,1291896.98,853006.22
Middle East and North Africa,Kuwait,Personal Care,Offline,L,9/2/2016,921639478,9/26/2016,2457,81.73,56.67,200810.61,139238.19,61572.42
Middle East and North Africa,Syria,Fruits,Online,L,7/28/2015,859216964,9/1/2015,248,9.33,6.92,2313.84,1716.16,597.68
Asia,South Korea,Personal Care,Offline,C,2/14/2011,878930985,3/4/2011,4065,81.73,56.67,332232.45,230363.55,101868.90
Europe,Ireland,Meat,Offline,C,2/14/2010,808955371,3/11/2010,6726,421.89,364.69,2837632.14,2452904.94,384727.20
Sub-Saharan Africa,Swaziland,Office Supplies,Online,C,11/7/2012,997776448,12/2/2012,3079,651.21,524.96,2005075.59,1616351.84,388723.75
Central America and the Caribbean,Guatemala,Beverages,Offline,M,11/16/2016,964193046,12/8/2016,5004,47.45,31.79,237439.80,159077.16,78362.64
Europe,Slovakia,Meat,Online,M,4/2/2013,747316491,5/7/2013,6412,421.89,364.69,2705158.68,2338392.28,366766.40
Sub-Saharan Africa,Sao Tome and Principe,Office Supplies,Online,H,1/10/2013,456570613,1/30/2013,8245,651.21,524.96,5369226.45,4328295.20,1040931.25
Sub-Saharan Africa,Zimbabwe,Beverages,Online,L,3/6/2013,721691739,4/23/2013,3478,47.45,31.79,165031.10,110565.62,54465.48
Europe,Austria,Office Supplies,Online,H,7/11/2015,442728698,8/7/2015,2115,651.21,524.96,1377309.15,1110290.40,267018.75
Europe,Romania,Clothes,Online,H,5/20/2015,840042817,6/17/2015,6192,109.28,35.84,676661.76,221921.28,454740.48
Europe,Finland,Cosmetics,Online,M,12/1/2012,504307925,12/12/2012,4777,437.20,263.33,2088504.40,1257927.41,830576.99
Sub-Saharan Africa,Cape Verde,Meat,Offline,C,12/8/2016,346510350,1/27/2017,8968,421.89,364.69,3783509.52,3270539.92,512969.60
Sub-Saharan Africa,Cameroon,Clothes,Offline,M,10/20/2010,447948920,10/25/2010,6895,109.28,35.84,753485.60,247116.80,506368.80
Europe,Latvia,Personal Care,Offline,L,10/21/2016,510234963,10/23/2016,8719,81.73,56.67,712603.87,494105.73,218498.14
Middle East and North Africa,Turkey,Beverages,Offline,H,8/28/2016,305292308,9/2/2016,1633,47.45,31.79,77485.85,51913.07,25572.78
Central America and the Caribbean,Jamaica,Fruits,Offline,C,11/6/2015,125357282,12/14/2015,4860,9.33,6.92,45343.80,33631.20,11712.60
Middle East and North Africa,Pakistan,Fruits,Offline,C,2/22/2017,332978713,3/11/2017,4656,9.33,6.92,43440.48,32219.52,11220.96
Sub-Saharan Africa,Burkina Faso,Fruits,Online,L,10/23/2016,911017930,11/11/2016,9305,9.33,6.92,86815.65,64390.60,22425.05
Asia,Bhutan,Beverages,Offline,H,12/17/2015,112648761,12/27/2015,4126,47.45,31.79,195778.70,131165.54,64613.16
Asia,Sri Lanka,Office Supplies,Online,L,10/8/2016,311357533,10/29/2016,6468,651.21,524.96,4212026.28,3395441.28,816585.00
Europe,Austria,Cereal,Online,L,2/15/2011,350943076,3/6/2011,710,205.70,117.11,146047.00,83148.10,62898.90
Sub-Saharan Africa,Democratic Republic of the Congo,Baby Food,Online,L,9/9/2014,495516717,10/13/2014,3263,255.28,159.42,832978.64,520187.46,312791.18
Australia and Oceania,Tuvalu,Office Supplies,Offline,M,2/12/2010,179502284,3/20/2010,7570,651.21,524.96,4929659.70,3973947.20,955712.50
Central America and the Caribbean,Barbados,Fruits,Online,H,6/4/2011,257636106,6/11/2011,9104,9.33,6.92,84940.32,62999.68,21940.64
Europe,Belarus,Meat,Offline,L,9/30/2014,754967010,10/18/2014,370,421.89,364.69,156099.30,134935.30,21164.00
Australia and Oceania,Kiribati,Baby Food,Online,C,4/19/2017,416856324,4/23/2017,5905,255.28,159.42,1507428.40,941375.10,566053.30
Central America and the Caribbean,Jamaica,Personal Care,Online,H,7/26/2013,758977878,9/2/2013,7275,81.73,56.67,594585.75,412274.25,182311.50
Europe,Kosovo,Beverages,Offline,H,3/30/2014,217317998,4/1/2014,8080,47.45,31.79,383396.00,256863.20,126532.80
Central America and the Caribbean,Saint Vincent and the Grenadines,Household,Offline,H,2/29/2012,898175513,3/24/2012,8949,668.27,502.54,5980348.23,4497230.46,1483117.77
Sub-Saharan Africa,Cote d'Ivoire,Office Supplies,Offline,M,5/13/2016,928161752,6/22/2016,2543,651.21,524.96,1656027.03,1334973.28,321053.75
Europe,Bosnia and Herzegovina,Household,Online,H,6/13/2010,304200541,7/7/2010,8555,668.27,502.54,5717049.85,4299229.70,1417820.15
Australia and Oceania,Tuvalu,Household,Offline,C,12/11/2016,443528211,12/28/2016,8709,668.27,502.54,5819963.43,4376620.86,1443342.57
Sub-Saharan Africa,Ghana,Beverages,Online,C,3/25/2010,133693587,5/9/2010,1758,47.45,31.79,83417.10,55886.82,27530.28
Europe,Slovenia,Personal Care,Offline,H,3/3/2011,482558000,4/19/2011,8490,81.73,56.67,693887.70,481128.30,212759.40
Europe,Netherlands,Snacks,Online,M,3/15/2015,868295276,3/18/2015,6722,152.58,97.44,1025642.76,654991.68,370651.08
Sub-Saharan Africa,Guinea-Bissau,Clothes,Online,L,4/2/2011,289391744,4/8/2011,6303,109.28,35.84,688791.84,225899.52,462892.32
Asia,Indonesia,Office Supplies,Online,H,10/24/2015,514646232,11/29/2015,4111,651.21,524.96,2677124.31,2158110.56,519013.75
Central America and the Caribbean,Saint Lucia,Personal Care,Offline,H,2/26/2016,233170068,3/31/2016,9059,81.73,56.67,740392.07,513373.53,227018.54
Europe,Norway,Vegetables,Offline,M,12/21/2011,904387080,1/24/2012,7089,154.06,90.93,1092131.34,644602.77,447528.57
Middle East and North Africa,Algeria,Vegetables,Online,H,8/4/2011,908033597,9/3/2011,6175,154.06,90.93,951320.50,561492.75,389827.75
Sub-Saharan Africa,South Africa,Vegetables,Online,C,1/20/2013,494158446,1/26/2013,1320,154.06,90.93,203359.20,120027.60,83331.60
Central America and the Caribbean,El Salvador,Clothes,Online,M,6/17/2015,433122956,6/25/2015,9563,109.28,35.84,1045044.64,342737.92,702306.72
Sub-Saharan Africa,Democratic Republic of the Congo,Office Supplies,Offline,L,3/10/2015,665600955,4/1/2015,4969,651.21,524.96,3235862.49,2608526.24,627336.25
Europe,Vatican City,Household,Online,M,4/4/2017,752578771,5/20/2017,3637,668.27,502.54,2430497.99,1827737.98,602760.01
Sub-Saharan Africa,Burkina Faso,Snacks,Online,H,5/23/2016,325355231,6/6/2016,8698,152.58,97.44,1327140.84,847533.12,479607.72
Sub-Saharan Africa,Eritrea,Vegetables,Online,H,12/14/2015,435541665,1/12/2016,5312,154.06,90.93,818366.72,483020.16,335346.56
Sub-Saharan Africa,Botswana,Vegetables,Online,M,7/29/2016,405061900,8/25/2016,5672,154.06,90.93,873828.32,515754.96,358073.36
Europe,Belgium,Beverages,Offline,L,5/24/2012,976152265,6/2/2012,4002,47.45,31.79,189894.90,127223.58,62671.32
Sub-Saharan Africa,Sierra Leone,Vegetables,Offline,C,7/17/2017,261361587,8/3/2017,1556,154.06,90.93,239717.36,141487.08,98230.28
Europe,Spain,Office Supplies,Offline,M,12/1/2016,493551194,12/2/2016,1621,651.21,524.96,1055611.41,850960.16,204651.25
Sub-Saharan Africa,Chad,Cosmetics,Online,L,6/3/2015,375894916,6/8/2015,4514,437.20,263.33,1973520.80,1188671.62,784849.18
Sub-Saharan Africa,Sudan,Office Supplies,Online,L,6/10/2011,931879079,7/11/2011,2583,651.21,524.96,1682075.43,1355971.68,326103.75
Sub-Saharan Africa,Rwanda,Beverages,Online,C,10/18/2015,555302512,11/10/2015,5208,47.45,31.79,247119.60,165562.32,81557.28
Middle East and North Africa,United Arab Emirates,Fruits,Online,C,1/28/2010,860276544,3/5/2010,3801,9.33,6.92,35463.33,26302.92,9160.41
Middle East and North Africa,Pakistan,Fruits,Online,L,1/5/2011,831225001,1/20/2011,6804,9.33,6.92,63481.32,47083.68,16397.64
Sub-Saharan Africa,Burundi,Fruits,Online,L,9/6/2013,872884213,9/24/2013,4691,9.33,6.92,43767.03,32461.72,11305.31
Asia,Brunei,Snacks,Online,C,6/11/2010,560303008,7/21/2010,4966,152.58,97.44,757712.28,483887.04,273825.24
Europe,Norway,Cosmetics,Offline,C,6/8/2017,888842713,7/18/2017,7166,437.20,263.33,3132975.20,1887022.78,1245952.42
Central America and the Caribbean,Panama,Clothes,Online,H,3/20/2010,224177157,4/4/2010,7857,109.28,35.84,858612.96,281594.88,577018.08
Asia,Singapore,Clothes,Online,L,11/2/2010,152292668,11/29/2010,5640,109.28,35.84,616339.20,202137.60,414201.60
Sub-Saharan Africa,Guinea-Bissau,Fruits,Offline,H,12/2/2015,529488074,12/26/2015,6142,9.33,6.92,57304.86,42502.64,14802.22
Europe,Poland,Fruits,Online,M,7/27/2015,832374703,8/15/2015,7027,9.33,6.92,65561.91,48626.84,16935.07
Europe,Georgia,Beverages,Offline,H,4/26/2012,607876384,5/8/2012,2985,47.45,31.79,141638.25,94893.15,46745.10
Central America and the Caribbean,Antigua and Barbuda ,Baby Food,Online,L,5/4/2017,823229444,5/21/2017,741,255.28,159.42,189162.48,118130.22,71032.26
North America,Mexico,Office Supplies,Online,H,5/13/2016,715982711,6/18/2016,4050,651.21,524.96,2637400.50,2126088.00,511312.50
Sub-Saharan Africa,Cape Verde,Snacks,Offline,M,5/3/2011,943997514,6/6/2011,8697,152.58,97.44,1326988.26,847435.68,479552.58
Sub-Saharan Africa,Guinea-Bissau,Baby Food,Online,C,8/12/2016,435447680,8/26/2016,7500,255.28,159.42,1914600.00,1195650.00,718950.00
Europe,Monaco,Office Supplies,Online,L,5/4/2017,438819539,6/18/2017,5308,651.21,524.96,3456622.68,2786487.68,670135.00
Sub-Saharan Africa,Democratic Republic of the Congo,Household,Offline,C,1/29/2011,472911918,3/1/2011,4000,668.27,502.54,2673080.00,2010160.00,662920.00
Central America and the Caribbean,Belize,Cereal,Online,C,8/8/2011,576836144,9/17/2011,7489,205.70,117.11,1540487.30,877036.79,663450.51
Europe,Bulgaria,Cosmetics,Online,M,10/25/2014,860016047,11/24/2014,6715,437.20,263.33,2935798.00,1768260.95,1167537.05
Middle East and North Africa,Azerbaijan,Baby Food,Online,C,2/14/2010,152187955,3/5/2010,4653,255.28,159.42,1187817.84,741781.26,446036.58
Sub-Saharan Africa,Republic of the Congo,Baby Food,Offline,M,6/27/2014,953400695,7/15/2014,1307,255.28,159.42,333650.96,208361.94,125289.02
Europe,Slovakia,Cosmetics,Online,H,8/27/2015,884015595,10/13/2015,8714,437.20,263.33,3809760.80,2294657.62,1515103.18
Europe,Hungary,Personal Care,Online,L,10/15/2013,334706485,10/30/2013,5942,81.73,56.67,485639.66,336733.14,148906.52
Asia,Thailand,Cereal,Online,H,2/14/2010,216459691,4/3/2010,4088,205.70,117.11,840901.60,478745.68,362155.92
Australia and Oceania,Kiribati,Snacks,Offline,L,9/28/2010,610574042,10/2/2010,1282,152.58,97.44,195607.56,124918.08,70689.48
Sub-Saharan Africa,Seychelles ,Vegetables,Online,C,3/19/2015,318660867,3/30/2015,7687,154.06,90.93,1184259.22,698978.91,485280.31
Europe,France,Meat,Online,M,10/28/2012,912643992,11/27/2012,493,421.89,364.69,207991.77,179792.17,28199.60
Sub-Saharan Africa,Ethiopia,Beverages,Offline,M,8/20/2016,884759747,9/27/2016,8925,47.45,31.79,423491.25,283725.75,139765.50
Sub-Saharan Africa,Lesotho,Fruits,Offline,M,4/10/2014,597556960,5/30/2014,9238,9.33,6.92,86190.54,63926.96,22263.58
Asia,Mongolia,Snacks,Online,M,2/21/2017,933896958,4/4/2017,9718,152.58,97.44,1482772.44,946921.92,535850.52
Sub-Saharan Africa,Angola,Fruits,Offline,H,3/18/2011,146953570,4/19/2011,5682,9.33,6.92,53013.06,39319.44,13693.62
Europe,Malta,Household,Online,C,10/20/2013,610213124,12/8/2013,4479,668.27,502.54,2993181.33,2250876.66,742304.67
Sub-Saharan Africa,Benin,Personal Care,Offline,H,10/19/2016,267474448,10/28/2016,488,81.73,56.67,39884.24,27654.96,12229.28
Central America and the Caribbean,Belize,Beverages,Online,M,2/25/2013,282848870,4/12/2013,121,47.45,31.79,5741.45,3846.59,1894.86
Sub-Saharan Africa,Republic of the Congo,Beverages,Online,L,10/23/2015,990760219,11/19/2015,6820,47.45,31.79,323609.00,216807.80,106801.20
Central America and the Caribbean,Belize,Personal Care,Online,L,1/22/2016,545944821,2/27/2016,6060,81.73,56.67,495283.80,343420.20,151863.60
Australia and Oceania,Tuvalu,Beverages,Offline,L,1/16/2010,773451507,2/27/2010,343,47.45,31.79,16275.35,10903.97,5371.38
Sub-Saharan Africa,Cote d'Ivoire,Household,Online,H,2/12/2010,418641602,3/15/2010,4208,668.27,502.54,2812080.16,2114688.32,697391.84
Sub-Saharan Africa,Zimbabwe,Snacks,Offline,C,10/8/2010,997188937,11/1/2010,9221,152.58,97.44,1406940.18,898494.24,508445.94
Central America and the Caribbean,Dominica,Snacks,Offline,M,2/14/2015,945079839,2/22/2015,8981,152.58,97.44,1370320.98,875108.64,495212.34
Middle East and North Africa,Bahrain,Personal Care,Online,H,1/3/2016,568613135,1/9/2016,4117,81.73,56.67,336482.41,233310.39,103172.02
Australia and Oceania,Nauru,Office Supplies,Online,C,11/21/2014,694400155,11/26/2014,7292,651.21,524.96,4748623.32,3828008.32,920615.00
Sub-Saharan Africa,Angola,Cereal,Offline,H,7/9/2010,419364726,8/10/2010,8197,205.70,117.11,1686122.90,959950.67,726172.23
Sub-Saharan Africa,South Sudan,Household,Online,L,4/13/2010,260743176,5/7/2010,8555,668.27,502.54,5717049.85,4299229.70,1417820.15
Central America and the Caribbean,Dominican Republic,Clothes,Offline,M,4/6/2011,806084334,4/14/2011,7122,109.28,35.84,778292.16,255252.48,523039.68
Sub-Saharan Africa,Benin,Office Supplies,Online,H,8/14/2011,463249528,9/10/2011,4685,651.21,524.96,3050918.85,2459437.60,591481.25
Europe,Hungary,Beverages,Offline,H,5/10/2014,410412585,5/16/2014,9059,47.45,31.79,429849.55,287985.61,141863.94
Sub-Saharan Africa,Senegal,Vegetables,Online,H,12/22/2015,546059834,2/1/2016,95,154.06,90.93,14635.70,8638.35,5997.35
Sub-Saharan Africa,Burkina Faso,Household,Online,L,4/1/2010,838990104,4/9/2010,4671,668.27,502.54,3121489.17,2347364.34,774124.83
Middle East and North Africa,United Arab Emirates,Clothes,Online,H,9/27/2014,878314721,9/30/2014,1699,109.28,35.84,185666.72,60892.16,124774.56
Europe,Montenegro,Household,Offline,M,12/29/2013,323457515,1/5/2014,7121,668.27,502.54,4758750.67,3578587.34,1180163.33
Australia and Oceania,East Timor,Baby Food,Online,C,5/5/2016,254154813,5/21/2016,8912,255.28,159.42,2275055.36,1420751.04,854304.32
Sub-Saharan Africa,Namibia,Meat,Online,L,4/2/2012,920455443,4/13/2012,2075,421.89,364.69,875421.75,756731.75,118690.00
Middle East and North Africa,Algeria,Snacks,Online,H,12/20/2015,392720735,1/31/2016,3647,152.58,97.44,556459.26,355363.68,201095.58
Europe,Andorra,Meat,Offline,M,4/18/2016,411624515,5/29/2016,7696,421.89,364.69,3246865.44,2806654.24,440211.20
Europe,Slovakia,Beverages,Offline,H,9/6/2010,538153111,9/13/2010,319,47.45,31.79,15136.55,10141.01,4995.54
Europe,Poland,Personal Care,Offline,C,7/26/2016,403605353,8/23/2016,4648,81.73,56.67,379881.04,263402.16,116478.88
Sub-Saharan Africa,Eritrea,Household,Online,C,8/5/2014,159592568,8/6/2014,5842,668.27,502.54,3904033.34,2935838.68,968194.66
Europe,Belarus,Meat,Offline,M,12/23/2012,928038585,1/8/2013,6095,421.89,364.69,2571419.55,2222785.55,348634.00
Australia and Oceania,Nauru,Fruits,Offline,L,6/3/2013,751179730,6/27/2013,9630,9.33,6.92,89847.90,66639.60,23208.30
Australia and Oceania,Palau,Baby Food,Online,C,11/28/2014,441564834,12/11/2014,7702,255.28,159.42,1966166.56,1227852.84,738313.72
Europe,Monaco,Personal Care,Online,L,6/26/2017,432055222,8/4/2017,3596,81.73,56.67,293901.08,203785.32,90115.76
Sub-Saharan Africa,Swaziland,Cereal,Offline,M,11/27/2010,325824725,1/6/2011,7632,205.70,117.11,1569902.40,893783.52,676118.88
Sub-Saharan Africa,Djibouti,Fruits,Offline,M,4/13/2016,246359670,5/5/2016,2156,9.33,6.92,20115.48,14919.52,5195.96
Sub-Saharan Africa,Gabon,Baby Food,Online,H,2/19/2014,387458884,3/18/2014,6549,255.28,159.42,1671828.72,1044041.58,627787.14
Central America and the Caribbean,Saint Lucia,Clothes,Offline,M,5/8/2016,563233697,5/20/2016,2222,109.28,35.84,242820.16,79636.48,163183.68
Europe,San Marino,Office Supplies,Online,M,12/9/2016,658107936,12/30/2016,7618,651.21,524.96,4960917.78,3999145.28,961772.50
Middle East and North Africa,Pakistan,Cosmetics,Online,C,12/24/2010,176817929,1/3/2011,3209,437.20,263.33,1402974.80,845025.97,557948.83
Middle East and North Africa,Saudi Arabia,Snacks,Online,M,7/18/2013,494412505,8/14/2013,6502,152.58,97.44,992075.16,633554.88,358520.28
Sub-Saharan Africa,Guinea,Meat,Offline,C,6/28/2010,806252992,7/28/2010,7032,421.89,364.69,2966730.48,2564500.08,402230.40
Europe,Poland,Personal Care,Offline,L,3/24/2015,378013217,4/9/2015,1366,81.73,56.67,111643.18,77411.22,34231.96
Sub-Saharan Africa,Niger,Fruits,Offline,L,12/14/2011,795679509,1/30/2012,8103,9.33,6.92,75600.99,56072.76,19528.23
Sub-Saharan Africa,Mauritius ,Clothes,Online,C,6/4/2012,115550696,6/24/2012,2874,109.28,35.84,314070.72,103004.16,211066.56
Middle East and North Africa,Oman,Beverages,Online,L,5/1/2014,514238107,6/19/2014,3338,47.45,31.79,158388.10,106115.02,52273.08
Middle East and North Africa,Somalia,Baby Food,Offline,C,8/16/2012,638665568,9/19/2012,4189,255.28,159.42,1069367.92,667810.38,401557.54
Australia and Oceania,Samoa ,Household,Offline,H,11/29/2010,556069409,1/6/2011,2150,668.27,502.54,1436780.50,1080461.00,356319.50
Sub-Saharan Africa,Togo,Snacks,Online,M,1/23/2010,403998458,2/6/2010,976,152.58,97.44,148918.08,95101.44,53816.64
Europe,Latvia,Vegetables,Online,H,1/8/2012,840314042,2/4/2012,6454,154.06,90.93,994303.24,586862.22,407441.02
Middle East and North Africa,Qatar,Household,Offline,M,1/2/2016,793189990,2/2/2016,1399,668.27,502.54,934909.73,703053.46,231856.27
Asia,Kazakhstan,Personal Care,Offline,C,9/22/2014,611112630,11/4/2014,662,81.73,56.67,54105.26,37515.54,16589.72
Sub-Saharan Africa,Togo,Meat,Online,C,4/28/2013,712880790,5/15/2013,6122,421.89,364.69,2582810.58,2232632.18,350178.40
Sub-Saharan Africa,Republic of the Congo,Snacks,Online,C,6/3/2010,237605798,6/26/2010,1691,152.58,97.44,258012.78,164771.04,93241.74
Sub-Saharan Africa,Namibia,Baby Food,Online,H,1/28/2017,194711482,2/14/2017,8309,255.28,159.42,2121121.52,1324620.78,796500.74
Europe,Portugal,Fruits,Online,M,2/10/2015,313934171,3/1/2015,8952,9.33,6.92,83522.16,61947.84,21574.32
Middle East and North Africa,Libya,Snacks,Online,C,12/3/2013,395322692,1/10/2014,3624,152.58,97.44,552949.92,353122.56,199827.36
Central America and the Caribbean,Costa Rica,Clothes,Online,L,5/25/2016,759238374,7/8/2016,4362,109.28,35.84,476679.36,156334.08,320345.28
Europe,Poland,Cosmetics,Online,C,2/18/2015,896355044,4/8/2015,231,437.20,263.33,100993.20,60829.23,40163.97
Central America and the Caribbean,Honduras,Beverages,Offline,M,5/11/2011,817659032,6/4/2011,2333,47.45,31.79,110700.85,74166.07,36534.78
Middle East and North Africa,Syria,Cereal,Offline,C,2/25/2011,604449164,3/30/2011,8795,205.70,117.11,1809131.50,1029982.45,779149.05
Europe,Italy,Fruits,Offline,M,2/4/2014,858336770,3/24/2014,9779,9.33,6.92,91238.07,67670.68,23567.39
Europe,Sweden,Vegetables,Offline,C,1/13/2017,451245677,2/16/2017,2478,154.06,90.93,381760.68,225324.54,156436.14
Australia and Oceania,Fiji,Snacks,Offline,H,4/29/2010,575412213,5/15/2010,6116,152.58,97.44,933179.28,595943.04,337236.24
Europe,Lithuania,Meat,Offline,M,11/16/2011,693385207,11/26/2011,6946,421.89,364.69,2930447.94,2533136.74,397311.20
Central America and the Caribbean,Antigua and Barbuda ,Personal Care,Online,M,5/16/2010,788025987,6/28/2010,3256,81.73,56.67,266112.88,184517.52,81595.36
Europe,Italy,Clothes,Online,M,7/4/2014,912508380,8/4/2014,362,109.28,35.84,39559.36,12974.08,26585.28
Sub-Saharan Africa,Malawi,Cosmetics,Offline,M,4/23/2011,740318715,4/25/2011,5614,437.20,263.33,2454440.80,1478334.62,976106.18
Asia,Singapore,Fruits,Offline,C,5/19/2015,915255820,6/16/2015,3391,9.33,6.92,31638.03,23465.72,8172.31
Europe,Serbia,Baby Food,Online,L,2/4/2012,801431024,3/11/2012,104,255.28,159.42,26549.12,16579.68,9969.44
Europe,Sweden,Household,Offline,H,5/27/2014,733268153,7/13/2014,9196,668.27,502.54,6145410.92,4621357.84,1524053.08
Central America and the Caribbean,Saint Kitts and Nevis ,Cosmetics,Offline,M,8/4/2013,665503537,9/15/2013,6140,437.20,263.33,2684408.00,1616846.20,1067561.80
Sub-Saharan Africa,Ethiopia,Meat,Offline,C,5/20/2013,623186004,7/3/2013,3442,421.89,364.69,1452145.38,1255262.98,196882.40
Central America and the Caribbean,Costa Rica,Personal Care,Online,C,12/24/2010,251676881,1/29/2011,5637,81.73,56.67,460712.01,319448.79,141263.22
Middle East and North Africa,Yemen,Cosmetics,Online,H,1/7/2016,166649997,2/16/2016,4292,437.20,263.33,1876462.40,1130212.36,746250.04
Sub-Saharan Africa,Rwanda,Baby Food,Online,H,6/21/2016,604091680,8/2/2016,3007,255.28,159.42,767626.96,479375.94,288251.02
Sub-Saharan Africa,Equatorial Guinea,Household,Offline,M,9/30/2012,970300757,10/15/2012,2411,668.27,502.54,1611198.97,1211623.94,399575.03
Middle East and North Africa,Syria,Household,Offline,L,11/20/2013,291888558,1/8/2014,5166,668.27,502.54,3452282.82,2596121.64,856161.18
Asia,Mongolia,Household,Offline,L,1/24/2011,365778911,2/10/2011,963,668.27,502.54,643544.01,483946.02,159597.99
Sub-Saharan Africa,Namibia,Beverages,Offline,L,8/30/2011,809208142,9/8/2011,1527,47.45,31.79,72456.15,48543.33,23912.82
Europe,San Marino,Clothes,Offline,H,10/7/2012,409725081,10/8/2012,5611,109.28,35.84,613170.08,201098.24,412071.84
Sub-Saharan Africa,Togo,Meat,Offline,M,7/16/2012,275191056,8/20/2012,4004,421.89,364.69,1689247.56,1460218.76,229028.80
Europe,Georgia,Fruits,Offline,M,12/25/2013,683779895,2/1/2014,4521,9.33,6.92,42180.93,31285.32,10895.61
Asia,Bangladesh,Cereal,Online,C,8/6/2013,633977925,8/8/2013,7011,205.70,117.11,1442162.70,821058.21,621104.49
Europe,Ireland,Cosmetics,Offline,H,9/23/2012,994583976,10/1/2012,8355,437.20,263.33,3652806.00,2200122.15,1452683.85
Australia and Oceania,Kiribati,Cosmetics,Online,L,10/18/2013,454709374,10/18/2013,7463,437.20,263.33,3262823.60,1965231.79,1297591.81
Europe,Slovakia,Cosmetics,Online,L,6/28/2016,473777949,7/6/2016,278,437.20,263.33,121541.60,73205.74,48335.86
Sub-Saharan Africa,The Gambia,Snacks,Online,H,12/30/2013,331526029,1/28/2014,4774,152.58,97.44,728416.92,465178.56,263238.36
Sub-Saharan Africa,Sao Tome and Principe,Beverages,Online,C,12/4/2011,278002440,1/19/2012,5955,47.45,31.79,282564.75,189309.45,93255.30
Sub-Saharan Africa,Guinea,Baby Food,Offline,H,12/12/2016,183568513,12/15/2016,857,255.28,159.42,218774.96,136622.94,82152.02
Sub-Saharan Africa,Tanzania,Household,Online,M,4/21/2010,888898074,5/29/2010,3548,668.27,502.54,2371021.96,1783011.92,588010.04
Europe,Ukraine,Vegetables,Online,H,2/25/2012,154977452,4/13/2012,127,154.06,90.93,19565.62,11548.11,8017.51
Europe,Belarus,Office Supplies,Online,C,3/19/2017,313105475,4/7/2017,3723,651.21,524.96,2424454.83,1954426.08,470028.75
Sub-Saharan Africa,Malawi,Cosmetics,Offline,H,9/17/2013,614893472,9/18/2013,9497,437.20,263.33,4152088.40,2500845.01,1651243.39
Australia and Oceania,Solomon Islands,Beverages,Online,L,6/5/2017,382265269,7/9/2017,9643,47.45,31.79,457560.35,306550.97,151009.38
Sub-Saharan Africa,Botswana,Clothes,Online,C,12/2/2014,357457196,12/18/2014,8383,109.28,35.84,916094.24,300446.72,615647.52
Asia,Taiwan,Clothes,Offline,M,9/29/2012,453018081,11/7/2012,6972,109.28,35.84,761900.16,249876.48,512023.68
Europe,Monaco,Beverages,Online,M,12/14/2010,201809251,12/17/2010,8697,47.45,31.79,412672.65,276477.63,136195.02
Asia,Vietnam,Cosmetics,Online,M,6/9/2014,107004535,6/12/2014,3875,437.20,263.33,1694150.00,1020403.75,673746.25
Central America and the Caribbean,Saint Kitts and Nevis ,Vegetables,Online,L,1/9/2014,292090260,2/19/2014,4854,154.06,90.93,747807.24,441374.22,306433.02
Sub-Saharan Africa,Cote d'Ivoire,Fruits,Online,L,12/13/2012,950865256,12/23/2012,1015,9.33,6.92,9469.95,7023.80,2446.15
Asia,Mongolia,Office Supplies,Offline,H,7/12/2015,997440850,7/28/2015,3768,651.21,524.96,2453759.28,1978049.28,475710.00
Sub-Saharan Africa,Madagascar,Household,Online,L,10/8/2015,316240870,10/12/2015,1556,668.27,502.54,1039828.12,781952.24,257875.88
Sub-Saharan Africa,Mozambique,Vegetables,Offline,M,4/28/2016,212001645,5/29/2016,4853,154.06,90.93,747653.18,441283.29,306369.89
Europe,Vatican City,Baby Food,Offline,M,2/14/2017,259772002,3/29/2017,1163,255.28,159.42,296890.64,185405.46,111485.18
Middle East and North Africa,Algeria,Baby Food,Online,M,8/3/2011,554913270,9/21/2011,23,255.28,159.42,5871.44,3666.66,2204.78
Europe,Finland,Personal Care,Offline,M,2/19/2013,363099277,4/5/2013,8000,81.73,56.67,653840.00,453360.00,200480.00
Central America and the Caribbean,Jamaica,Baby Food,Online,H,7/15/2013,370316350,8/28/2013,3692,255.28,159.42,942493.76,588578.64,353915.12
Australia and Oceania,Australia,Vegetables,Online,L,12/23/2016,432863318,2/5/2017,2730,154.06,90.93,420583.80,248238.90,172344.90
Asia,Kazakhstan,Clothes,Offline,C,7/26/2013,927351510,8/1/2013,2774,109.28,35.84,303142.72,99420.16,203722.56
Middle East and North Africa,Jordan,Cosmetics,Offline,C,5/29/2013,500704753,7/1/2013,8518,437.20,263.33,3724069.60,2243044.94,1481024.66
Europe,Poland,Office Supplies,Online,L,7/12/2012,120159375,8/18/2012,6684,651.21,524.96,4352687.64,3508832.64,843855.00
Europe,Cyprus,Meat,Online,L,10/22/2011,823264205,11/12/2011,1028,421.89,364.69,433702.92,374901.32,58801.60
Middle East and North Africa,Bahrain,Beverages,Offline,H,3/6/2013,567880570,4/25/2013,7335,47.45,31.79,348045.75,233179.65,114866.10
Sub-Saharan Africa,Ethiopia,Personal Care,Online,H,11/14/2015,982182300,12/10/2015,8424,81.73,56.67,688493.52,477388.08,211105.44
Sub-Saharan Africa,Democratic Republic of the Congo,Beverages,Offline,M,8/2/2012,614655721,8/21/2012,9142,47.45,31.79,433787.90,290624.18,143163.72
Asia,Turkmenistan,Personal Care,Online,M,1/16/2016,784099662,2/17/2016,1369,81.73,56.67,111888.37,77581.23,34307.14
Australia and Oceania,East Timor,Snacks,Online,C,4/16/2017,629625451,5/21/2017,9018,152.58,97.44,1375966.44,878713.92,497252.52
Europe,Luxembourg,Cereal,Online,C,3/27/2012,260656917,4/29/2012,3029,205.70,117.11,623065.30,354726.19,268339.11
Sub-Saharan Africa,Mozambique,Household,Offline,H,12/31/2012,306930387,2/16/2013,6377,668.27,502.54,4261557.79,3204697.58,1056860.21
Sub-Saharan Africa,Ghana,Snacks,Offline,L,10/31/2013,568494689,12/5/2013,9067,152.58,97.44,1383442.86,883488.48,499954.38
Sub-Saharan Africa,Cote d'Ivoire,Meat,Offline,H,1/16/2010,465711152,2/4/2010,3134,421.89,364.69,1322203.26,1142938.46,179264.80
Central America and the Caribbean,Grenada,Baby Food,Offline,L,12/13/2016,389253604,12/22/2016,7646,255.28,159.42,1951870.88,1218925.32,732945.56
Middle East and North Africa,Iran,Baby Food,Online,H,1/23/2013,350108373,2/21/2013,3703,255.28,159.42,945301.84,590332.26,354969.58
Central America and the Caribbean,Haiti,Meat,Online,L,1/14/2012,429574286,2/21/2012,9432,421.89,364.69,3979266.48,3439756.08,539510.40
Australia and Oceania,Samoa ,Vegetables,Online,H,6/13/2013,329262673,6/25/2013,4997,154.06,90.93,769837.82,454377.21,315460.61
Sub-Saharan Africa,Democratic Republic of the Congo,Vegetables,Offline,C,2/24/2014,721097362,3/11/2014,7589,154.06,90.93,1169161.34,690067.77,479093.57
Middle East and North Africa,Iraq,Beverages,Offline,H,1/23/2012,997314679,2/14/2012,6431,47.45,31.79,305150.95,204441.49,100709.46
Asia,Nepal,Snacks,Offline,M,7/9/2017,620463454,8/27/2017,7779,152.58,97.44,1186919.82,757985.76,428934.06
Asia,Mongolia,Meat,Online,L,8/25/2011,473405015,9/16/2011,9919,421.89,364.69,4184726.91,3617360.11,567366.80
Middle East and North Africa,Bahrain,Office Supplies,Offline,C,9/14/2010,609313189,9/21/2010,8168,651.21,524.96,5319083.28,4287873.28,1031210.00
Middle East and North Africa,Somalia,Snacks,Offline,M,11/9/2016,701674306,12/15/2016,9875,152.58,97.44,1506727.50,962220.00,544507.50
Central America and the Caribbean,Guatemala,Cereal,Online,H,6/6/2014,494287192,6/30/2014,9419,205.70,117.11,1937488.30,1103059.09,834429.21
Europe,Poland,Fruits,Online,H,7/5/2011,251263177,7/9/2011,3213,9.33,6.92,29977.29,22233.96,7743.33
Europe,Georgia,Meat,Online,C,6/20/2013,307026088,8/3/2013,4697,421.89,364.69,1981617.33,1712948.93,268668.40
Sub-Saharan Africa,Guinea,Snacks,Online,L,8/8/2011,616312253,9/4/2011,9346,152.58,97.44,1426012.68,910674.24,515338.44
Central America and the Caribbean,Belize,Vegetables,Online,L,3/12/2017,304170501,4/4/2017,9665,154.06,90.93,1488989.90,878838.45,610151.45
Europe,Slovenia,Household,Online,C,4/25/2012,815962159,5/13/2012,190,668.27,502.54,126971.30,95482.60,31488.70
Sub-Saharan Africa,Burundi,Clothes,Offline,L,3/1/2014,967361056,4/3/2014,2488,109.28,35.84,271888.64,89169.92,182718.72
Middle East and North Africa,Egypt,Fruits,Offline,H,9/21/2010,994353520,9/24/2010,158,9.33,6.92,1474.14,1093.36,380.78
Europe,Iceland,Beverages,Online,C,7/16/2017,303238379,7/19/2017,3830,47.45,31.79,181733.50,121755.70,59977.80
Central America and the Caribbean,Grenada,Cereal,Offline,L,5/12/2013,620626962,6/2/2013,6165,205.70,117.11,1268140.50,721983.15,546157.35
Central America and the Caribbean,Barbados,Office Supplies,Offline,H,1/31/2012,143443095,3/2/2012,6854,651.21,524.96,4463393.34,3598075.84,865317.50
Sub-Saharan Africa,Rwanda,Fruits,Offline,H,7/7/2013,288923108,7/29/2013,7623,9.33,6.92,71122.59,52751.16,18371.43
Europe,Monaco,Baby Food,Online,H,9/30/2014,744615828,10/22/2014,7226,255.28,159.42,1844653.28,1151968.92,692684.36
Middle East and North Africa,Kuwait,Household,Online,H,12/8/2013,818382585,12/29/2013,6448,668.27,502.54,4309004.96,3240377.92,1068627.04
Europe,Liechtenstein,Clothes,Online,C,1/31/2014,788397204,3/19/2014,3108,109.28,35.84,339642.24,111390.72,228251.52
Middle East and North Africa,Libya,Cereal,Online,H,9/11/2011,553146016,10/24/2011,7053,205.70,117.11,1450802.10,825976.83,624825.27
Middle East and North Africa,Algeria,Clothes,Offline,H,9/8/2015,981427848,10/16/2015,5165,109.28,35.84,564431.20,185113.60,379317.60
Sub-Saharan Africa,Burkina Faso,Clothes,Online,M,4/30/2013,762354028,5/25/2013,6353,109.28,35.84,694255.84,227691.52,466564.32
Central America and the Caribbean,Guatemala,Snacks,Online,H,11/21/2011,455348384,12/30/2011,6560,152.58,97.44,1000924.80,639206.40,361718.40
Central America and the Caribbean,Trinidad and Tobago,Snacks,Online,L,2/15/2012,240147244,3/7/2012,3761,152.58,97.44,573853.38,366471.84,207381.54
Australia and Oceania,Kiribati,Meat,Online,H,1/26/2012,366799437,2/2/2012,2960,421.89,364.69,1248794.40,1079482.40,169312.00
Europe,Norway,Vegetables,Online,L,10/30/2010,705666291,12/12/2010,1192,154.06,90.93,183639.52,108388.56,75250.96
Central America and the Caribbean,Costa Rica,Cereal,Offline,L,5/10/2012,297421634,5/23/2012,2526,205.70,117.11,519598.20,295819.86,223778.34
Central America and the Caribbean,Grenada,Beverages,Offline,M,2/3/2014,503051793,2/19/2014,3059,47.45,31.79,145149.55,97245.61,47903.94
Middle East and North Africa,Kuwait,Office Supplies,Online,M,10/6/2010,953855597,11/14/2010,5923,651.21,524.96,3857116.83,3109338.08,747778.75
Australia and Oceania,Australia,Snacks,Offline,L,4/21/2013,901444375,5/22/2013,6278,152.58,97.44,957897.24,611728.32,346168.92
Sub-Saharan Africa,Cote d'Ivoire,Meat,Offline,H,10/11/2014,567741954,11/9/2014,6315,421.89,364.69,2664235.35,2303017.35,361218.00
Europe,Norway,Office Supplies,Online,L,11/22/2016,694984662,12/28/2016,260,651.21,524.96,169314.60,136489.60,32825.00
Europe,Estonia,Clothes,Offline,M,1/21/2011,295721328,3/3/2011,9367,109.28,35.84,1023625.76,335713.28,687912.48
Europe,Spain,Office Supplies,Online,M,6/18/2012,702813279,8/4/2012,6922,651.21,524.96,4507675.62,3633773.12,873902.50
Europe,Poland,Meat,Online,L,11/14/2010,619434344,12/29/2010,3243,421.89,364.69,1368189.27,1182689.67,185499.60
Central America and the Caribbean,Haiti,Personal Care,Offline,H,3/28/2012,169070851,5/5/2012,677,81.73,56.67,55331.21,38365.59,16965.62
Sub-Saharan Africa,The Gambia,Household,Offline,M,3/28/2012,445521628,4/18/2012,8605,668.27,502.54,5750463.35,4324356.70,1426106.65
Central America and the Caribbean,Dominican Republic,Vegetables,Online,H,3/7/2015,362898004,4/25/2015,8439,154.06,90.93,1300112.34,767358.27,532754.07
Middle East and North Africa,Iran,Cosmetics,Offline,H,1/26/2015,705623805,2/11/2015,8619,437.20,263.33,3768226.80,2269641.27,1498585.53
Europe,Serbia,Household,Offline,H,7/27/2014,978435361,8/26/2014,9621,668.27,502.54,6429425.67,4834937.34,1594488.33
Sub-Saharan Africa,South Sudan,Office Supplies,Online,L,8/7/2013,756381499,9/13/2013,8949,651.21,524.96,5827678.29,4697867.04,1129811.25
Central America and the Caribbean,El Salvador,Household,Online,C,2/28/2013,134823548,4/14/2013,6139,668.27,502.54,4102509.53,3085093.06,1017416.47
Europe,Austria,Clothes,Online,L,7/11/2011,179435336,7/13/2011,7758,109.28,35.84,847794.24,278046.72,569747.52
Europe,San Marino,Snacks,Offline,L,8/7/2015,676203191,8/26/2015,2406,152.58,97.44,367107.48,234440.64,132666.84
Asia,Myanmar,Fruits,Offline,C,6/7/2014,581425940,7/23/2014,5711,9.33,6.92,53283.63,39520.12,13763.51
Australia and Oceania,Fiji,Clothes,Offline,L,4/10/2013,271714913,5/23/2013,5336,109.28,35.84,583118.08,191242.24,391875.84
Middle East and North Africa,Lebanon,Meat,Offline,M,8/30/2014,193993937,9/9/2014,5972,421.89,364.69,2519527.08,2177928.68,341598.40
Asia,Bangladesh,Office Supplies,Online,L,8/14/2014,415499341,8/28/2014,4343,651.21,524.96,2828205.03,2279901.28,548303.75
Sub-Saharan Africa,Mali,Fruits,Offline,M,1/8/2014,173779952,1/13/2014,4204,9.33,6.92,39223.32,29091.68,10131.64
Australia and Oceania,Tuvalu,Clothes,Offline,L,10/23/2014,126697099,12/12/2014,1342,109.28,35.84,146653.76,48097.28,98556.48
Europe,Czech Republic,Household,Offline,H,3/16/2016,102424609,5/5/2016,8573,668.27,502.54,5729078.71,4308275.42,1420803.29
Europe,Poland,Meat,Offline,M,12/2/2010,449448812,12/25/2010,746,421.89,364.69,314729.94,272058.74,42671.20
Europe,Monaco,Snacks,Online,C,8/30/2011,686568534,9/24/2011,9741,152.58,97.44,1486281.78,949163.04,537118.74
Middle East and North Africa,Jordan,Beverages,Offline,M,1/21/2017,852895104,2/14/2017,9469,47.45,31.79,449304.05,301019.51,148284.54
Asia,Kyrgyzstan,Office Supplies,Online,M,6/12/2015,157852351,7/8/2015,873,651.21,524.96,568506.33,458290.08,110216.25
Middle East and North Africa,Tunisia ,Vegetables,Offline,M,5/13/2011,131176602,5/15/2011,6927,154.06,90.93,1067173.62,629872.11,437301.51
Europe,Ireland,Baby Food,Online,L,3/19/2014,572916686,3/30/2014,7634,255.28,159.42,1948807.52,1217012.28,731795.24
Australia and Oceania,Kiribati,Meat,Offline,H,9/26/2011,903433930,10/19/2011,5031,421.89,364.69,2122528.59,1834755.39,287773.20
Sub-Saharan Africa,Mauritius ,Beverages,Offline,L,9/1/2011,613402163,10/20/2011,8186,47.45,31.79,388425.70,260232.94,128192.76
Sub-Saharan Africa,Madagascar,Cosmetics,Offline,H,3/30/2015,613807713,4/10/2015,8197,437.20,263.33,3583728.40,2158516.01,1425212.39
Asia,Kazakhstan,Cosmetics,Online,L,5/24/2013,985949409,6/15/2013,3195,437.20,263.33,1396854.00,841339.35,555514.65
Central America and the Caribbean,Nicaragua,Household,Online,M,4/11/2013,531438577,4/16/2013,3339,668.27,502.54,2231353.53,1677981.06,553372.47
Australia and Oceania,Vanuatu,Meat,Online,H,9/27/2011,822199046,10/22/2011,5824,421.89,364.69,2457087.36,2123954.56,333132.80
Europe,Slovakia,Cosmetics,Offline,M,4/8/2014,350467145,4/15/2014,9871,437.20,263.33,4315601.20,2599330.43,1716270.77
Sub-Saharan Africa,Rwanda,Meat,Offline,C,1/26/2016,378791701,2/10/2016,1737,421.89,364.69,732822.93,633466.53,99356.40
Sub-Saharan Africa,Burkina Faso,Household,Offline,M,5/26/2013,890034043,6/24/2013,9707,668.27,502.54,6486896.89,4878155.78,1608741.11
Asia,Brunei,Vegetables,Online,C,12/11/2014,137367999,12/24/2014,9098,154.06,90.93,1401637.88,827281.14,574356.74
Sub-Saharan Africa,Eritrea,Household,Online,M,4/24/2015,494279897,6/11/2015,7260,668.27,502.54,4851640.20,3648440.40,1203199.80
Middle East and North Africa,Iran,Cereal,Online,L,12/14/2013,804568564,2/2/2014,8572,205.70,117.11,1763260.40,1003866.92,759393.48
Europe,Slovakia,Household,Online,C,5/24/2011,432345330,5/24/2011,9446,668.27,502.54,6312478.42,4746992.84,1565485.58
Middle East and North Africa,United Arab Emirates,Personal Care,Offline,C,1/2/2013,612034022,1/22/2013,3323,81.73,56.67,271588.79,188314.41,83274.38
Australia and Oceania,Palau,Clothes,Offline,H,1/30/2010,398370969,3/11/2010,5677,109.28,35.84,620382.56,203463.68,416918.88
Europe,Norway,Vegetables,Online,M,11/28/2013,716404998,12/29/2013,9014,154.06,90.93,1388696.84,819643.02,569053.82
Europe,Romania,Beverages,Online,M,2/15/2014,311497437,3/16/2014,7869,47.45,31.79,373384.05,250155.51,123228.54
Middle East and North Africa,Azerbaijan,Personal Care,Online,M,10/14/2012,699322116,10/17/2012,3809,81.73,56.67,311309.57,215856.03,95453.54
Central America and the Caribbean,Antigua and Barbuda ,Clothes,Offline,L,1/7/2013,315865361,2/19/2013,434,109.28,35.84,47427.52,15554.56,31872.96
Asia,Malaysia,Vegetables,Offline,L,3/25/2015,367426002,4/13/2015,8374,154.06,90.93,1290098.44,761447.82,528650.62
Asia,China,Household,Offline,H,4/22/2013,780615365,5/13/2013,288,668.27,502.54,192461.76,144731.52,47730.24
